股票名称,股票代码
新天绿能,'600956
京沪高铁,'601816
中新集团,'601512
成都燃气,'603053
邮储银行,'601658
浙商银行,'601916
八方股份,'603489
麒盛科技,'603610
渝农商行,'601077
科博达,'603786
中科软,'603927
国联股份,'603613
景津环保,'603279
大胜达,'603687
丸美股份,'603983
移远通信,'603236
红塔证券,'601236
中国卫通,'601698
海油发展,'600968
国茂股份,'603915
福蓉科技,'603327
泉峰汽车,'603982
宝丰能源,'600989
鸿远电子,'603267
天味食品,'603317
博通集成,'603068
三美股份,'603379
永冠新材,'603681
西安银行,'600928
威派格,'603956
福莱特,'601865
明阳智能,'601615
青岛港,'601298
中国外运,'601598
华培动力,'603121
紫金银行,'601860
上机数控,'603185
中国人保,'601319
中贝通信,'603220
天风证券,'601162
长沙银行,'601577
捷昌驱动,'603583
中铝国际,'601068
康辰药业,'603590
长飞光纤,'601869
密尔克卫,'603713
彤程新材,'603650
地素时尚,'603587
中信建投,'601066
南京证券,'601990
亿嘉和,'603666
绿色动力,'601330
工业富联,'601138
科沃斯,'603486
药明康德,'603259
伯特利,'603596
仙鹤股份,'603733
鼎胜新材,'603876
今创集团,'603680
七一二,'603712
嘉友国际,'603871
成都银行,'601838
美凯龙,'601828
德邦股份,'603056
赛腾股份,'603283
华能水电,'600025
好太太,'603848
香飘飘,'603711
山东出版,'601019
爱柯迪,'600933
珀莱雅,'603605
贵州燃气,'600903
璞泰来,'603659
合盛硅业,'603260
财通证券,'601108
风语筑,'603466
横店影视,'603103
辰欣药业,'603367
傲农生物,'603363
掌阅科技,'603533
金域医学,'603882
昭衍新药,'603127
中国出版,'601949
秦港股份,'601326
设计总院,'603357
大参林,'603233
岱美股份,'603730
嘉泽新能,'601619
健友股份,'603707
基蛋生物,'603387
旭升股份,'603305
志邦家居,'603801
广州酒家,'603043
浙商证券,'601878
苏垦农发,'601952
金牌厨柜,'603180
金能科技,'603113
鸣志电器,'603728
韦尔股份,'603501
金石资源,'603505
世运电路,'603920
瑞斯康达,'603803
新凤鸣,'603225
上海环境,'601200
欧派家居,'603833
绝味食品,'603517
克来机电,'603960
科森科技,'603626
数据港,'603881
百傲化学,'603360
集友股份,'603429
中国银河,'601881
艾迪精密,'603638
杰克股份,'603337
中国科传,'601858
至纯科技,'603690
泛微网络,'603039
海利尔,'603639
荣泰健康,'603579
景旺电子,'603228
吉比特,'603444
中原证券,'601375
亚翔集成,'603929
日月股份,'603218
杭叉集团,'603298
贵广网络,'600996
森特股份,'603098
苏利股份,'603585
家家悦,'603708
华安证券,'600909
苏州科达,'603660
步长制药,'603858
上海银行,'601229
海兴电力,'603556
国检集团,'603060
新华网,'603888
杭州银行,'600926
汇顶科技,'603160
顾家家居,'603816
鼎信通讯,'603421
常熟银行,'601128
新天然气,'603393
安图生物,'603658
欧普照明,'603515
兆易创新,'603986
长久物流,'603569
中国电影,'600977
新华文轩,'601811
江苏银行,'600919
玲珑轮胎,'601966
三棵树,'603737
飞科电器,'603868
司太立,'603520
千禾味业,'603027
思维列控,'603508
桃李面包,'603866
新城控股,'601155
口子窖,'603589
国泰君安,'601211
中国核电,'601985
灵康药业,'603669
伟明环保,'603568
迎驾贡酒,'603198
吉祥航空,'603885
润达医疗,'603108
艾华集团,'603989
广信股份,'603599
莱克电气,'603355
老百姓,'603883
歌力思,'603808
大豪科技,'603025
浙江鼎力,'603338
东方证券,'600958
创力集团,'603012
拓普集团,'601689
继峰股份,'603997
东兴证券,'601198
共进股份,'603118
益丰药房,'603939
华友钴业,'603799
晨光文具,'603899
龙马环卫,'603686
火炬电子,'603678
永艺股份,'603600
再升科技,'603601
西部黄金,'601069
春秋航空,'601021
高能环境,'603588
柳药股份,'603368
中科曙光,'603019
东方电缆,'603606
中设集团,'603018
重庆燃气,'600917
节能风电,'601016
福斯特,'603806
禾丰牧业,'603609
今世缘,'603369
依顿电子,'603328
海天味业,'603288
陕西煤业,'601225
洛阳钼业,'603993
隆鑫通用,'603766
一拖股份,'601038
和邦生物,'603077
喜临门,'603008
华贸物流,'603128
人民网,'603000
隆基股份,'601012
广汽集团,'601238
中国交建,'601800
环旭电子,'601231
三六零,'601360
新华保险,'601336
东吴证券,'601555
恒立液压,'601100
中国电建,'601669
长城汽车,'601633
宁波建工,'601789
旗滨集团,'601636
方正证券,'601901
赛轮轮胎,'601058
三星医疗,'601567
骆驼股份,'601311
桐昆股份,'601233
金隅集团,'601992
君正集团,'601216
星宇股份,'601799
大智慧,'601519
永辉超市,'601933
大连港,'601880
九州通,'600998
中南传媒,'601098
兴业证券,'601377
宁波港,'601018
光大银行,'601818
郑煤机,'601717
农业银行,'601288
唐山港,'601000
重庆水务,'601158
华泰证券,'601688
滨化股份,'601678
正泰电器,'601877
皖新传媒,'601801
中国化学,'601117
深圳燃气,'601139
中国重工,'601989
招商证券,'600999
中国中免,'601888
中国中冶,'601618
光大证券,'601788
中国建筑,'601668
四川成渝,'601107
上海电气,'601727
中国中车,'601766
紫金矿业,'601899
金钼股份,'601958
中国铁建,'601186
中煤能源,'601898
太平洋,'601099
中国太保,'601601
中远海发,'601866
中国中铁,'601390
中国石油,'601857
中国神华,'601088
中海油服,'601808
建设银行,'601939
北京银行,'601169
南京银行,'601009
中远海控,'601919
交通银行,'601328
中国铝业,'601600
中信银行,'601998
中国平安,'601318
重庆钢铁,'601005
柳钢股份,'601003
兴业银行,'601166
中国人寿,'601628
广深铁路,'601333
大唐发电,'601991
招商轮船,'601872
平煤股份,'601666
工商银行,'601398
XD上港集,'600018
北辰实业,'601588
潞安环能,'601699
中国国航,'601111
大秦铁路,'601006
保利地产,'600048
中国银行,'601988
大同煤业,'601001
中材国际,'600970
华电国际,'600027
恒源煤电,'600971
航民股份,'600987
宝胜股份,'600973
建设机械,'600984
金发科技,'600143
现代制药,'600420
新五丰,'600975
福能股份,'600483
龙元建设,'600491
内蒙一机,'600967
马应龙,'600993
四创电子,'600990
淮北矿业,'600985
赤峰黄金,'600988
康恩贝,'600572
浦东建设,'600284
涪陵电力,'600452
通威股份,'600438
华发股份,'600325
海越能源,'600387
华夏幸福,'600340
金证股份,'600446
恒生电子,'600570
卓郎智能,'600545
长江电力,'600900
杭萧钢构,'600477
上海电力,'600021
国电南瑞,'600406
方大特钢,'600507
华夏银行,'600015
山东黄金,'600547
亨通光电,'600487
阳泉煤业,'600348
中金黄金,'600489
中原高速,'600020
浙江龙盛,'600352
南方航空,'600029
航天信息,'600271
瑞贝卡,'600439
三一重工,'600031
嘉化能源,'600273
三友化工,'600409
片仔癀,'600436
盛和资源,'600392
贵研铂业,'600459
白云机场,'600004
安徽建工,'600502
四川路桥,'600039
士兰微,'600460
华海药业,'600521
皖通高速,'600012
中信证券,'600030
法拉电子,'600563
国药股份,'600511
厦门钨业,'600549
老白干酒,'600559
中天科技,'600522
中国联通,'600050
新华医疗,'600587
康缘药业,'600557
精达股份,'600577
方大炭素,'600516
光明乳业,'600597
豫光金铅,'600531
XD迪马股,'600565
华鲁恒升,'600426
卧龙电驱,'600580
山东药玻,'600529
中远海能,'600026
中国软件,'600536
天地科技,'600582
扬农化工,'600486
招商银行,'600036
北大荒,'600598
山东高速,'600350
中文传媒,'600373
海螺水泥,'600585
海油工程,'600583
江西铜业,'600362
深高速,'600548
山鹰纸业,'600567
华能国际,'600011
新安股份,'600596
贵州茅台,'600519
烽火通信,'600498
济川药业,'600566
恒力石化,'600346
中国石化,'600028
中航电子,'600372
健康元,'600380
中新药业,'600329
盘江股份,'600395
用友网络,'600588
鄂尔多斯,'600295
金地集团,'600383
联创光电,'600363
上海家化,'600315
首开股份,'600376
包钢股份,'600010
国机汽车,'600335
桂东电力,'600310
平高电气,'600312
蓝光发展,'600466
白云山,'600332
恒顺醋业,'600305
宁沪高速,'600377
西藏天路,'600326
昊华科技,'600378
西南证券,'600369
万华化学,'600309
龙净环保,'600388
西藏珠峰,'600338
瀚蓝环境,'600323
五洲交通,'600368
民生银行,'600016
中直股份,'600038
宝钢股份,'600019
昆药集团,'600422
中恒集团,'600252
美克家居,'600337
宁波韵升,'600366
羚锐制药,'600285
恒瑞医药,'600276
南钢股份,'600282
安琪酵母,'600298
亿利洁能,'600277
阳光照明,'600261
凯乐科技,'600260
圆通速递,'600233
首旅酒店,'600258
广汇能源,'600256
首创股份,'600008
安迪苏,'600299
桂冠电力,'600236
中化国际,'600500
鲁商发展,'600223
南山铝业,'600219
海航控股,'600221
浦发银行,'600000
浙江医药,'600216
伊力特,'600197
紫江企业,'600210
新湖中宝,'600208
兴发集团,'600141
格力地产,'600185
中国巨石,'600176
有研新材,'600206
中国国贸,'600007
联美控股,'600167
生物股份,'600201
雅戈尔,'600177
生益科技,'600183
上海贝岭,'600171
华创阳安,'600155
复星医药,'600196
瑞茂通,'600180
兖州煤业,'600188
巨化股份,'600160
上海建工,'600170
天坛生物,'600161
建发股份,'600153
香江控股,'600162
中国船舶,'600150
铁龙物流,'600125
国网信通,'600131
当代文体,'600136
上海机场,'600009
中青旅,'600138
浙江东方,'600120
上汽集团,'600104
东方航空,'600115
重庆啤酒,'600132
永鼎股份,'600105
北方稀土,'600111
中国卫星,'600118
国金证券,'600109
上海梅林,'600073
大名城,'600094
易见股份,'600093
同仁堂,'600085
特变电工,'600089
人福医药,'600079
浙江富润,'600070
厦门象屿,'600057
中船科技,'600072
葛洲坝,'600068
华润双鹤,'600062
国投资本,'600061
中国医药,'600056
宇通客车,'600066
九鼎投资,'600053
国电电力,'600795
中储股份,'600787
新钢股份,'600782
水井坊,'600779
东方通信,'600776
新潮能源,'600777
南京熊猫,'600775
中航重机,'600765
中国海防,'600764
通策医疗,'600763
中航沈飞,'600760
锦江酒店,'600754
厦门国贸,'600755
上实发展,'600748
浪潮软件,'600756
江中药业,'600750
闻泰科技,'600745
一汽富维,'600742
华域汽车,'600741
辽宁成大,'600739
北汽蓝谷,'600733
苏州高新,'600736
山西焦化,'600740
兰州民百,'600738
中粮糖业,'600737
佳都科技,'600728
祁连山,'600720
重庆百货,'600729
光明地产,'600708
物产中大,'600704
厦门空港,'600897
盛屯矿业,'600711
三安光电,'600703
舍得酒业,'600702
中航资本,'600705
张江高科,'600895
航发动力,'600893
伊利股份,'600887
宏发股份,'600885
国投电力,'600886
航天电子,'600879
洛阳玻璃,'600876
东方电气,'600875
创业环保,'600874
石化油服,'600871
中炬高新,'600872
通化东宝,'600867
内蒙华电,'600863
王府井,'600859
上海医药,'601607
华东电脑,'600850
上海临港,'600848
同济科技,'600846
宝信软件,'600845
海通证券,'600837
上海机电,'600835
茂业商业,'600828
世茂股份,'600823
隧道股份,'600820
东方集团,'600811
山西汾酒,'600809
马钢股份,'600808
新奥股份,'600803
福建水泥,'600802
华新水泥,'600801
均胜电子,'600699
大商股份,'600694
海尔智家,'600690
上海石化,'600688
中船防务,'600685
南京新百,'600682
百川能源,'600681
中华企业,'600675
川投能源,'600674
东阳光,'600673
青岛啤酒,'600600
尖峰集团,'600668
太极实业,'600667
陆家嘴,'600663
福耀玻璃,'600660
信达地产,'600657
外高桥,'600648
爱建集团,'600643
申能股份,'600642
万业企业,'600641
浦东金桥,'600639
东方明珠,'600637
大众公用,'600635
申达股份,'600626
光大嘉宝,'600622
华鑫股份,'600621
豫园股份,'600655
老凤祥,'600612
大众交通,'600611
绿地控股,'600606
市北高新,'600604
